﻿<?xml version="1.0" encoding="utf-8"?>
<diff>
  <replace sel="/mdscript/cues">
    <cues>
      <cue name="SW_designerhack" module="x4ep1_gamestart_workshop">
        <conditions>
          <event_cue_signalled cue="md.Setup.GameStart" />
        </conditions>
        <actions>
          <find_ship name="$alljobships" space="player.galaxy" multiple="true">
            <match owner="faction.player" negate="true" />
          </find_ship>
          <do_for_each name="$jobship" in="$alljobships">
            <destroy_object object="$jobship" explosion="false" />
          </do_for_each>

          <create_list name="$ShipsToSpawn" />
          <append_to_list name="$ShipsToSpawn" exact="macro.t65b_xwing_macro" />
          <append_to_list name="$ShipsToSpawn" exact="macro.yt1300_01_a_macro" />
          <append_to_list name="$ShipsToSpawn" exact="macro.neutronstar_builder_macro" />
          <set_value name="$Zoffset" exact="180000" />

          <do_for_each name="$ship" in="$ShipsToSpawn">
            <create_ship name="$newship" macro="$ship" sector="player.sector">
              <owner exact="faction.newrepublic" overridenpc="true" />
              <loadout>
                <level exact="1" />
              </loadout>
              <pilot>
                <select race="[race.terran]" tags="tag.aipilot" />
              </pilot>
              <people>
                <fillpercent exact="100" />
                <person role="service" weight="100">
                  <select race="[race.terran]" tags="tag.service" />
                </person>
              </people>
              <position x="10000" y="0" z="$Zoffset" />
              <rotation yaw="-70deg" />
            </create_ship>
            <set_owner object="$newship" faction="faction.player" overridenpc="true" />
            <set_value name="$Zoffset" exact="-1000" operation="add" />
          </do_for_each>
          <clear_list list="ShipsToSpawn" />

          <find_sector name="$BuildSector" macro="macro.demo_cluster_40_sector001_macro" />
          <set_object_name object="$BuildSector.cluster" page="1021" line="8012" />
          <set_object_description object="$BuildSector.cluster" page="1021" line="8013" />
          <set_object_name object="$BuildSector" page="1021" line="8014" />
          <set_object_description object="$BuildSector" page="1021" line="8015" />
          <find_gate groupname="$Gates" accelerator="1" space="$BuildSector" multiple="1" />
          <do_all exact="$Gates.count" counter="$i">
            <set_object_active object="$Gates.{$i}" activate="0" />
          </do_all>
          <find_station name="$Factory" space="player.zone" />
          <set_value name="$BuildPlot" exact="$Factory.buildplot.max" />
          <set_build_plot object="$Factory" paid="true" x="$BuildPlot.x" y="$BuildPlot.y" z="$BuildPlot.z" />
          <create_station name="$EmptyPlot" sector="$BuildSector" owner="faction.player" macro="macro.station_gen_factory_base_01_macro">
            <position x="53600" y="0" z="51700" />
          </create_station>
          <!--
        <find_object_component name="$Workshop" object="player.room.dynamicinterior" macro="macro.room_arg_corridor_01_macro"/>
        <set_triggers_locked object="$Workshop" group="tag.door_01" locked="true"/>
        -->
          <set_object_name object="$Factory" page="1021" line="8011" />
          <set_object_name object="$EmptyPlot" page="1021" line="8010" />
          <set_build_plot object="$EmptyPlot" x="10km" y="10km" z="10km" />
          <set_build_plot object="$EmptyPlot" paid="true" x="10km" y="10km" z="10km" />
          <get_factions_by_tag tag="tag.economic" result="$BPFactions" />
          <get_ware_definition flags="allowplayerblueprint" faction="$BPFactions" tags="tag.module" result="$MBlueprints" />
          <get_ware_definition flags="allowplayerblueprint" faction="$BPFactions" tags="tag.shield" result="$SBlueprints" />
          <get_ware_definition flags="allowplayerblueprint" faction="$BPFactions" tags="tag.turret" result="$TBlueprints" />
          <add_blueprints wares="$MBlueprints" />
          <add_blueprints wares="$SBlueprints" />
          <add_blueprints wares="$TBlueprints" />
          <clear_fog_of_war sector="$BuildSector" range="500km">
            <position object="$Factory" />
          </clear_fog_of_war>

        </actions>
      </cue>
    </cues>
  </replace>
</diff>