<?xml version="1.0" encoding="utf-8"?>
<diff>
	<replace sel="/mdscript/cues">
		<cues>
			<cue name="Init" mapeditor="false">
				<actions></actions>
				<cues>
					<cue name="SetupThingsForSWmod" instantiate="false" version="7">
						<conditions>
							<check_all>
								<event_cue_signalled cue="md.Setup.GameStart" />
								<check_value value="player.galaxy.macro == macro.swi_galaxy_macro" comment="only in main-galaxy" />
							</check_all>
						</conditions>
						<actions>
							<!-- setting initial research knowledge -->

							<add_encyclopedia_entry type="researchables" item="'research_xxl_construction'" />
							<add_encyclopedia_entry type="researchables" item="'research_xxl_construction_executor_prot'" />
							<add_encyclopedia_entry type="researchables" item="'research_xxl_construction_executor'" />
							<add_encyclopedia_entry type="researchables" item="'research_xxl_construction_bellator'" />
							<add_encyclopedia_entry type="researchables" item="'research_xxl_construction_praetor'" />
							<add_encyclopedia_entry type="researchables" item="'research_silencer'" />

							<!-- setting initial limits for ship blueprints -->
							<!-- <add_blueprints wares="[ware.ship_imperial_xxl_executer]"/> -->
							<set_userdata name="'limited_blueprint_ship_imperial_xxl_executer'" value="1" />
							<set_userdata name="'limited_blueprint_ship_imperial_xxl_executer_proto'" value="1" />
							<set_userdata name="'limited_blueprint_praetor'" value="2" />
							<set_userdata name="'limited_blueprint_bellator'" value="1" />
							<set_userdata name="'limited_blueprint_tie_silencer'" value="6" />

							<do_if value="not md.$DLCPirateFactions?">
								<set_value name="md.$DLCPirateFactions" exact="[]" />
							</do_if>
							<append_list_elements name="md.$DLCPirateFactions" other="[faction.blacksun]" />
							<append_list_elements name="md.$DLCPirateFactions" other="[faction.valarian]" />
							<append_list_elements name="md.$DLCPirateFactions" other="[faction.huttpirates]" />
							<append_list_elements name="md.$DLCPirateFactions" other="[faction.mandoraiders]" />

							<set_value name="$SWCommonMap" exact="[
						macro.swi_clustercoruscant_sector001_macro, 
						macro.swi_clusterpalanhi_sector001_macro, 
						macro.swi_clustervakkar_sector001_macro, 
						macro.swi_clusterordmantell_sector001_macro, 
						macro.swi_clusteryagaminor_sector001_macro, 
						macro.swi_clusterperma_sector001_macro, 
						macro.swi_clustercorellia_sector001_macro, 
						macro.swi_clusterhosnianprime_sector001_macro, 
						macro.swi_clusterkelada_sector001_macro, 
						macro.swi_clusterfoless_sector001_macro, 
						macro.swi_clusterfondor_sector001_macro, 
						macro.swi_clustereriadu_sector001_macro, 
						macro.swi_clusterbespin_sector001_macro, 
						macro.swi_clusterjavin_sector001_macro, 
						macro.swi_clustergarrenthum_sector001_macro, 
						macro.swi_clusterdola_sector001_macro, 
						macro.swi_clusterrendili_sector001_macro, 
						macro.swi_clustertrellen_sector001_macro, 
						macro.swi_clustercommenor_sector001_macro, 
						macro.swi_clusterkuat_sector001_macro, 
						macro.swi_clusternaboo_sector001_macro, 
						macro.swi_clustermongazza_sector001_macro, 
						macro.swi_clusteryavin4_sector001_macro, 
						macro.swi_clusterphindar_sector001_macro, 
						macro.swi_clustercelanon_sector001_macro, 
						macro.swi_clusteralderaan_sector001_macro, 
						macro.swi_clusternanthri_sector001_macro, 
						macro.swi_clusterenarc_sector001_macro, 
						macro.swi_clusterllanic_sector001_macro, 
						macro.swi_clusterarkanis_sector001_macro
						]" />

						</actions>
						<delay min="20min" max="30min" />
						<actions>
							<set_job_active job="'bountyhunters_ig'" />
							<set_job_active job="'bountyhunters_neesh'" />
							<set_job_active job="'bountyhunters_ketsu'" />
							<set_job_active job="'bountyhunters_sabine'" />
							<set_job_active job="'bountyhunters_embo'" />
							<set_job_active job="'bountyhunters_dengar'" />
							<set_job_active job="'bountyhunters_bane'" />
							<set_job_active job="'bountyhunters_amanaman'" />
							<set_job_active job="'bountyhunters_4lom'" />
							<set_job_active job="'bountyhunters_bobba'" />
							<set_job_active job="'bountyhunters_asajj'" />
							<set_job_active job="'bountyhunters_mando'" />
							<set_job_active job="'bountyhunters_bossk'" />
							<set_job_active job="'bountyhunters_kuertee'" />
							<set_job_active job="'bountyhunters_taros'" />
							<set_job_active job="'bountyhunters_nobu'" />
							<set_job_active job="'bountyhunters_griff'" />
							<set_job_active job="'bountyhunters_shuul'" />
							<set_job_active job="'bountyhunters_ket'" />
						</actions>
						<delay min="360min" max="480min" />
						<actions>
							<set_job_active job="'corporate_praetor_patrol'" />
							<set_job_active job="'galempire_ssd_patrol'" />
							<set_job_active job="'ascendancy_bellator_patrol'" />
							<set_job_active job="'commerceguild_lucrehulk_b_patrol_additional'" />
							<set_job_active job="'newrepublic_mc80homeone_additional'" />
							<set_job_active job="'newrepublic_mc80_fleetforce_additional'" />
							<set_job_active job="'mandodw_kedlabe_patrol_xl_additional'" />
						</actions>
						<patch sinceversion="2" state="complete">
							<set_job_active job="'bountyhunters_kuertee'" />
							<set_job_active job="'bountyhunters_taros'" />
							<set_job_active job="'bountyhunters_nobu'" />
							<set_job_active job="'bountyhunters_griff'" />
							<set_job_active job="'bountyhunters_shul'" />
							<set_job_active job="'bountyhunters_ket'" />
						</patch>
						<patch sinceversion="3" state="complete">
							<set_job_active job="'newrepublic_mc80_fleetforce_additional'" />
							<set_userdata name="'limited_blueprint_ship_imperial_xxl_executer'" value="1" />
							<set_userdata name="'limited_blueprint_ship_imperial_xxl_executer_proto'" value="1" />
							<set_userdata name="'limited_blueprint_praetor'" value="2" />
							<set_userdata name="'limited_blueprint_bellator'" value="1" />
						</patch>
						<patch sinceversion="4" state="complete">
							<set_userdata name="'limited_blueprint_tie_silencer'" value="6" />
						</patch>
						<patch sinceversion="6" state="complete">
							<add_blueprints wares="[ware.turret_m_ag2g_green, ware.turret_m_ag2g_green_lancer]" />
						</patch>
						<patch sinceversion="7" state="complete">
							<do_if value="player.blueprints.{ware.module_imp_build_dockarea_m_01}.any.exists">
								<add_blueprints wares="[ware.module_imp_build_dockarea_m_01_new]" />
							</do_if>
							<do_if value="player.blueprints.{ware.module_imp_equip_dockarea_m_01}.any.exists">
								<add_blueprints wares="[ware.module_imp_equip_dockarea_m_01_new]" />
							</do_if>
						</patch>
					</cue>

					<cue name="ShipThreatLevelTable" instantiate="false" version="2">
						<actions>
							<set_value name="global.$SWShipsThreatTable" exact="table[]" />
							<get_ware_definition result="$SWShipsWares" group="'ships_sw'" />
							<do_for_each name="$ShipWare" in="$SWShipsWares">
								<set_value name="global.$SWShipsThreatTable.{$ShipWare.objectmacro}" exact="$ShipWare.objectmacro.threatscore" />
								<debug_to_file name="'TESTDebug'" directory="'sw_debug'" text="'threatscore for %s: %s'.[$ShipWare.objectmacro, global.$SWShipsThreatTable.{$ShipWare.objectmacro}]" output="false" append="true" chance="0" />
							</do_for_each>
							<!-- to access a macro's threat score: global.$SWShipsThreatTable.{$ShipWare.macro} -->
						</actions>
						<patch sinceversion="2">
							<reset_cue cue="this" />
						</patch>
					</cue>
					<cue name="ShipThreatLevelTable_EncyclopediaOpen">
						<conditions>
							<event_ui_triggered screen="'EncyclopediaMenu'" />
						</conditions>
						<actions>
							<!-- <debug_text text="event.name" /> -->
							<set_value name="player.entity.$SWShipsThreatTable" exact="global.$SWShipsThreatTable" />
						</actions>
						<cues>
							<cue name="ShipThreatLevelTable_EncyclopediaClose">
								<conditions>
									<event_ui_triggered screen="'EncyclopediaMenu'" control="'menu_close'" />
								</conditions>
								<actions>
									<!-- <debug_text text="event.name" /> -->
									<remove_value name="player.entity.$SWShipsThreatTable" />
									<reset_cue cue="ShipThreatLevelTable_EncyclopediaOpen" />
								</actions>
							</cue>
						</cues>
					</cue>


					<cue name="ShipyardLists_XXL_Setup" version="1">
						<cues>
							<cue name="ShipyardLists_XXL_Loop" checkinterval="10min" checktime="player.age + 60s">
								<actions>
									<set_value name="$FactionsToUpdate" exact="[faction.galempire, faction.corporate, faction.ascendancy]" />
									<!-- New factions in patches go here -->

									<do_for_each name="$Faction" in="$FactionsToUpdate">
										<run_actions ref="UpdateShipyardsXXL">
											<param name="Faction" value="$Faction" />
										</run_actions>
									</do_for_each>
								</actions>
							</cue>
							<library name="UpdateShipyardsXXL" purpose="run_actions">
								<params>
									<param name="Faction" />
								</params>
								<actions>
									<!-- Setting up lists of ships every loop for ease of patching new ships in -->
									<do_if value="$Faction == faction.galempire">
										<set_value name="$Shiplist" exact="[ware.ship_imperial_xxl_executer, ware.ship_imperial_xxl_executer_proto]" />
									</do_if>
									<do_elseif value="$Faction == faction.corporate">
										<set_value name="$Shiplist" exact="[ware.praetor]" />
									</do_elseif>
									<do_elseif value="$Faction == faction.ascendancy">
										<set_value name="$Shiplist" exact="[ware.bellator]" />
									</do_elseif>

									<debug_to_file name="'XXL_limits'" directory="'sw_debug'" text="'Faction %1, its list is %2. \n'.[$Faction.knownname, $Shiplist]" output="false" append="true" chance="0" />
									<find_station name="$FactionShipyards" space="player.galaxy" owner="$Faction" shipyard="true" multiple="true" />
									<do_for_each name="$Shipyard" in="$FactionShipyards">
										<debug_to_file name="'XXL_limits'" directory="'sw_debug'" text="'Faction %1, found shipyard %2 in %3. \n'.[$Faction.knownname, $Shipyard.knownname, $Shipyard.sector.knownname]" output="false" append="true" chance="0" />
										<set_value name="$IsXXLShipyard" exact="false" />
										<find_module object="$Shipyard" name="$XLDocks" checkoperational="true" multiple="true" canbuildclass="class.ship_xl" />
										<do_if value="$XLDocks">
											<do_for_each in="$XLDocks" name="$XLDock">
												<do_if value="$XLDock.macro.ismacro.{macro.buildmodule_sw_ship_xxl_macro}">
													<set_value name="$IsXXLShipyard" exact="true" />
													<debug_to_file name="'XXL_limits'" directory="'sw_debug'" text="'Checking module %1 in shipyard %2 its XXL, setting TRUE. \n'.[$XLDock.knownname, $Shipyard.knownname]" output="false" append="true" chance="0" />
												</do_if>
											</do_for_each>
										</do_if>
										<do_if value="$IsXXLShipyard" exact="true">
											<set_ship_wares_absolute object="$Shipyard" wares="$Shiplist" />
											<debug_to_file name="'XXL_limits'" directory="'sw_debug'" text="'Shipyard %1 is XXL dock. Setting list as absolute %2. \n'.[$Shipyard.knownname, $Shiplist]" output="false" append="true" chance="0" />
										</do_if>
										<do_else>
											<set_ship_wares_excluded object="$Shipyard" wares="$Shiplist" />
											<debug_to_file name="'XXL_limits'" directory="'sw_debug'" text="'Shipyard %1 is NOT XXL dock. Removing list from construction %2. \n'.[$Shipyard.knownname, $Shiplist]" output="false" append="true" chance="0" />
										</do_else>
									</do_for_each>
									<remove_value name="$FactionShipyards" />
									<remove_value name="$XLDocks" />
									<remove_value name="$IsXXLShipyard" />
								</actions>
							</library>

						</cues>
					</cue>

					<cue name="Research_Finished1" instantiate="true">
						<conditions>
							<event_player_research_unlocked ware="ware.research_xxl_construction" />
						</conditions>
						<actions>
							<add_blueprints wares="[ware.buildmodule_sw_ship_xxl]" />
						</actions>
					</cue>
					<cue name="Research_Finished2" instantiate="true" version="2">
						<conditions>
							<event_player_research_unlocked ware="ware.research_xxl_construction_executor_prot" />
						</conditions>
						<actions>
							<add_blueprints wares="[ware.ship_imperial_xxl_executer_proto, ware.engine_imperial_executer, ware.shield_imperial_xxl_executer_ship, ware.shield_imperial_xxl_executer_component]" />
						</actions>
						<patch sinceversion="2">
							<add_blueprints wares="[ware.ship_imperial_xxl_executer_proto, ware.engine_imperial_executer, ware.shield_imperial_xxl_executer_ship, ware.shield_imperial_xxl_executer_component]" />
						</patch>
					</cue>
					<cue name="Research_Finished3" instantiate="true" version="2">
						<conditions>
							<event_player_research_unlocked ware="ware.research_xxl_construction_executor" />
						</conditions>
						<actions>
							<add_blueprints wares="[ware.ship_imperial_xxl_executer, ware.engine_imperial_executer, ware.shield_imperial_xxl_executer_ship, ware.shield_imperial_xxl_executer_component]" />
						</actions>
						<patch sinceversion="2">
							<add_blueprints wares="[ware.ship_imperial_xxl_executer, ware.engine_imperial_executer, ware.shield_imperial_xxl_executer_ship, ware.shield_imperial_xxl_executer_component]" />
						</patch>
					</cue>
					<cue name="Research_Finished4" instantiate="true" version="3">
						<conditions>
							<event_player_research_unlocked ware="ware.research_xxl_construction_bellator" />
						</conditions>
						<actions>
							<add_blueprints wares="[ware.bellator, ware.bellator_engines, ware.shield_xl_procursator]" />
						</actions>
						<patch sinceversion="2">
							<add_blueprints wares="[ware.bellator, ware.bellator_engines]" />
						</patch>
						<patch sinceversion="3">
							<add_blueprints wares="[ware.shield_xl_procursator]" />
						</patch>
					</cue>
					<cue name="Research_Finished5" instantiate="true" version="2">
						<conditions>
							<event_player_research_unlocked ware="ware.research_xxl_construction_praetor" />
						</conditions>
						<actions>
							<add_blueprints wares="[ware.praetor, ware.engines_xxl_praetor]" />
						</actions>
						<patch sinceversion="2">
							<add_blueprints wares="[ware.praetor, ware.engines_xxl_praetor]" />
						</patch>
					</cue>
					<cue name="Research_Finished6" instantiate="true" version="2">
						<conditions>
							<event_player_research_unlocked ware="ware.research_silencer" />
						</conditions>
						<actions>
							<add_blueprints wares="[ware.tie_silencer, ware.engine_tiesilencer]" />
						</actions>
					</cue>
				</cues>
			</cue>
		</cues>
	</replace>
</diff>