<diff>
  <add sel="//plans">
    <plan id="planetary_tradestation" name="'Planetary Tradestation'">
      <entry index="1" macro="defence_imp_claim_ring_macro">
        <offset>
          <position x="-339.074" z="-25.261" />
        </offset>
      </entry>
      <entry index="2" macro="hab_imp_trade_macro" connection="connectionsnap001">
        <predecessor index="1" connection="connectionsnap006" />
        <offset>
          <position x="-339.074" y="1692.834" z="-25.261" />
        </offset>
      </entry>
      <entry index="3" macro="storage_imp_liquid_tradestation_01_macro" connection="connectionsnap01">
        <predecessor index="1" connection="connectionsnap005" />
        <offset>
          <position x="-339.074" y="24.594" z="-25.261" />
        </offset>
      </entry>
      <entry index="4" macro="defence_imp_trade_macro" connection="connectionsnap001">
        <predecessor index="2" connection="connectionsnap002" />
        <offset>
          <position x="-339.074" y="2481.704" z="-25.261" />
        </offset>
      </entry>
      <entry index="5" macro="pier_imp_harbor_macro" connection="connectionsnap001">
        <predecessor index="1" connection="connectionsnap008" />
        <offset>
          <position x="-2134.628" y="28.79" z="-435.507" />
          <rotation yaw="-13.05234" />
        </offset>
      </entry>
      <entry index="6" macro="pier_imp_harbor_macro" connection="connectionsnap001">
        <predecessor index="1" connection="connectionsnap010" />
        <offset>
          <position x="-1596.298" y="28.79" z="-1359.271" />
          <rotation yaw="-46.91318" />
        </offset>
      </entry>
      <entry index="7" macro="dockarea_imp_m_tradestation_macro" connection="connectionsnap001">
        <predecessor index="1" connection="connectionsnap004" />
        <offset>
          <position x="-2832.896" y="-32.908" z="-1457.081" />
          <rotation yaw="-29.99636" />
        </offset>
      </entry>
      <entry index="8" macro="dockarea_imp_m_tradestation_macro" connection="connectionsnap001">
        <predecessor index="1" connection="connectionsnap002" />
        <offset>
          <position x="2154.748" y="-32.908" z="-1457.081" />
          <rotation yaw="-150.00363" />
        </offset>
      </entry>
      <entry index="9" macro="dockarea_imp_m_tradestation_macro" connection="connectionsnap001">
        <predecessor index="1" connection="connectionsnap001" />
        <offset>
          <position x="-339.074" y="-32.908" z="2854.948" />
          <rotation yaw="89.99999" />
        </offset>
      </entry>
      <entry index="10" macro="pier_imp_harbor_macro" connection="connectionsnap001">
        <predecessor index="1" connection="connectionsnap012" />
        <offset>
          <position x="-867.343" y="28.79" z="1742.167" />
          <rotation yaw="72.9777" />
        </offset>
      </entry>
      <entry index="11" macro="pier_imp_harbor_macro" connection="connectionsnap001">
        <predecessor index="1" connection="connectionsnap011" />
        <offset>
          <position x="189.195" y="28.79" z="1742.167" />
          <rotation yaw="107.02228" />
        </offset>
      </entry>
      <entry index="12" macro="pier_imp_harbor_macro" connection="connectionsnap001">
        <predecessor index="1" connection="connectionsnap007" />
        <offset>
          <position x="1457.999" y="28.79" z="-443.089" />
          <rotation yaw="-166.94766" />
        </offset>
      </entry>
      <entry index="13" macro="pier_imp_harbor_macro" connection="connectionsnap001">
        <predecessor index="1" connection="connectionsnap009" />
        <offset>
          <position x="916.84" y="28.79" z="-1357.131" />
          <rotation yaw="-133.08682" />
        </offset>
      </entry>
    </plan>
  </add>
</diff>