﻿<?xml version="1.0" encoding="utf-8"?>
<diff>
  <replace sel="/god">
    <god xmlns:xsi="http://www.w3.org/2001/XMLSchema-instance" xsi:noNamespaceSchemaLocation="libraries.xsd">

      <objects></objects>

      <stations>
        <defaults>
          <location newzonechance="0.7" coreboundaryzoneheight="40000">
            <corerange max="1.2" />
            <region allowhazardous="false" allowgravidar="true" />
          </location>
          <modules production="15" storage="12" />
          <quota zone="2" sector="10" />
        </defaults>


        <!-- Yuzhan-Vong -->
        <station id="kha_station_01" owner="khaak" race="khaak">
          <quotas>
            <quota galaxy="1" />
          </quotas>
          <location class="sector" macro="swi_clusterur1_sector001_macro" matchextension="false" />
          <position x="-52998" y="15000" z="176111" pitch="0" roll="0" safepos="false" />
          <station macro="yuuzhan_asteroid_beacon_nest_macro">
            <loadout>
              <level exact="1.0" />
              <variation exact="0.0" />
            </loadout>
          </station>
        </station>

        <station id="kha_station_02" owner="khaak" race="khaak">
          <quotas>
            <quota galaxy="1" />
          </quotas>
          <location class="sector" macro="swi_clusterithor_sector001_macro" matchextension="false" />
          <position x="-200000" y="45000" z="146111" pitch="0" roll="0" safepos="false" />
          <station macro="yuuzhan_asteroid_beacon_nest_macro">
            <loadout>
              <level exact="1.0" />
              <variation exact="0.0" />
            </loadout>
          </station>
        </station>

        <!-- one sector defense stations-->

        <station id="galempire_defence_bastion" race="argon" owner="galempire" type="factory">
          <quotas>
            <quota galaxy="1" zone="1" />
          </quotas>
          <location class="sector" macro="swi_clusterbastion_sector001_macro" matchextension="false" />
          <station>
            <select faction="galempire" tags="[defence]" />
          </station>
        </station>

        <station id="sith_defence_bastion" race="argon" owner="sith" type="factory">
          <quotas>
            <quota galaxy="1" zone="1" />
          </quotas>
          <location class="sector" macro="swi_zone001_clusterziost_sector001_macro" matchextension="false" />
          <station>
            <select faction="galempire" tags="[defence]" />
          </station>
        </station>

        <station id="ascendancy_defence_eriadu" race="argon" owner="ascendancy" type="factory">
          <quotas>
            <quota galaxy="1" zone="1" />
          </quotas>
          <location class="sector" macro="swi_clustereriadu_sector001_macro" matchextension="false" />
          <station>
            <select faction="ascendancy" tags="[defence]" />
          </station>
        </station>

        <station id="newrepublic_defence_01" race="argon" owner="newrepublic" type="factory">
          <quotas>
            <quota galaxy="1" zone="1" />
          </quotas>
          <location class="sector" macro="swi_clustercoruscant_sector001_macro" matchextension="false" />
          <station>
            <select faction="newrepublic" tags="[defence]" />
          </station>
        </station>

        <station id="mandodw_defence_05" race="argon" owner="mandodw" type="factory">
          <quotas>
            <quota galaxy="1" zone="1" />
          </quotas>
          <location class="sector" macro="swi_clustermandalore_sector001_macro" matchextension="false" />
          <station>
            <select faction="mandodw" tags="[defence]" />
          </station>
        </station>

        <station id="corporate_defence_06" race="argon" owner="corporate" type="factory">
          <quotas>
            <quota galaxy="1" zone="1" />
          </quotas>
          <location class="sector" macro="swi_clustercantonica_sector001_macro" matchextension="false" />
          <station>
            <select faction="corporate" tags="[defence]" />
          </station>
        </station>

        <station id="huttcartel_defence_08" race="argon" owner="huttcartel" type="factory">
          <quotas>
            <quota galaxy="1" zone="1" />
          </quotas>
          <location class="sector" macro="swi_clusternarshadda_sector001_macro" matchextension="false" />
          <station>
            <select faction="huttcartel" tags="[defence]" />
          </station>
        </station>

        <station id="commerceguild_defence_12" race="argon" owner="commerceguild" type="factory">
          <quotas>
            <quota galaxy="1" zone="1" />
          </quotas>
          <location class="sector" macro="swi_clusterhypori_sector001_macro" matchextension="false" />
          <station>
            <select faction="commerceguild" tags="[defence]" />
          </station>
        </station>

        <station id="anoat_defence_05" race="argon" owner="anoat" type="factory">
          <quotas>
            <quota galaxy="1" zone="1" />
          </quotas>
          <location class="sector" macro="swi_clusteranpath_sector001_macro" matchextension="false" />
          <station>
            <select faction="anoat" tags="[defence]" />
          </station>
        </station>

        <!-- BEGIN hapes -->
        <!-- ___________________ -->
        <!-- ___________________ -->
        <station id="shipyard_hapes_01" race="argon" owner="hapes" type="factory" respawnable="true">
          <quotas>
            <quota galaxy="1" zone="1" />
          </quotas>
          <location class="sector" macro="swi_clusterhapes_sector001_macro" matchextension="false" />
          <station>
            <select faction="hapes" tags="[shipyard]" />
            <loadout>
              <level exact="1.0" />
            </loadout>
          </station>
        </station>

        <station id="hapes_tradestation" race="argon" owner="hapes" type="tradingstation">
          <quotas>
            <quota galaxy="1" zone="1" />
          </quotas>
          <location class="sector" macro="swi_clusterandalia_sector001_macro" matchextension="false" />
          <station>
            <select faction="hapes" tags="[tradestation]" />
          </station>
        </station>

        <station id="hapes_defence_01" race="argon" owner="hapes" type="factory">
          <quotas>
            <quota galaxy="1" zone="1" />
          </quotas>
          <location class="sector" macro="swi_clusterroqoo_sector001_macro" matchextension="false" />
          <station>
            <select faction="hapes" tags="[defence]" />
          </station>
        </station>

        <station id="hapes_defence_02" race="argon" owner="hapes" type="factory">
          <quotas>
            <quota galaxy="1" zone="1" />
          </quotas>
          <location class="sector" macro="swi_clusterhapes_sector001_macro" matchextension="false" />
          <station>
            <select faction="hapes" tags="[defence]" />
          </station>
        </station>

        <station id="hapes_defence_03" race="argon" owner="hapes" type="factory">
          <quotas>
            <quota galaxy="1" zone="1" />
          </quotas>
          <location class="sector" macro="swi_clusterandalia_sector001_macro" matchextension="false" />
          <station>
            <select faction="hapes" tags="[defence]" />
          </station>
        </station>

        <station id="hapes_defence_04" race="argon" owner="hapes" type="factory">
          <quotas>
            <quota galaxy="1" zone="1" />
          </quotas>
          <location class="sector" macro="swi_clusterandalia_sector001_macro" matchextension="false" />
          <station>
            <select faction="hapes" tags="[defence]" />
          </station>
        </station>


        <!-- BEGIN NABOO -->
        <!-- ___________________ -->
        <!-- ___________________ -->

        <station id="wharf_naboo_01" race="argon" owner="naboo" type="factory" respawnable="true">
          <quotas>
            <quota galaxy="1" zone="1" />
          </quotas>
          <location class="zone" macro="swi_zone001_clusternaboo_sector001_macro" matchextension="false" />
          <station>
            <select faction="naboo" tags="[wharf]" />
            <loadout>
              <level exact="1.0" />
            </loadout>
          </station>
        </station>

        <station id="naboo_defence_01" race="argon" owner="naboo" type="factory">
          <quotas>
            <quota galaxy="1" zone="1" />
          </quotas>
          <location class="sector" macro="swi_clusternaboo_sector001_macro" matchextension="false" />
          <station>
            <select faction="hapes" tags="[defence]" />
          </station>
        </station>

        <!-- BEGIN kamino -->
        <!-- ___________________ -->
        <!-- ___________________ -->
        <station id="shipyard_kamino_01" race="argon" owner="kamino" type="factory" respawnable="true">
          <quotas>
            <quota galaxy="1" zone="1" />
          </quotas>
          <location class="sector" macro="swi_clusterkamino_sector001_macro" matchextension="false" />
          <station>
            <select faction="kamino" tags="[shipyard]" />
            <loadout>
              <level exact="1.0" />
            </loadout>
          </station>
        </station>

        <station id="wharf_kamino_01" race="argon" owner="kamino" type="factory" respawnable="true">
          <quotas>
            <quota galaxy="1" zone="1" />
          </quotas>
          <location class="sector" macro="swi_clusterkamino_sector001_macro" matchextension="false" />
          <station>
            <select faction="kamino" tags="[wharf]" />
            <loadout>
              <level exact="1.0" />
            </loadout>
          </station>
        </station>

        <station id="kamino_defence_01" race="argon" owner="kamino" type="factory">
          <quotas>
            <quota galaxy="1" zone="1" />
          </quotas>
          <location class="sector" macro="swi_clusterkamino_sector001_macro" matchextension="false" />
          <station>
            <select faction="kamino" tags="[defence]" />
          </station>
        </station>


        <!-- BEGIN bountyhunters -->
        <!-- ___________________ -->
        <!-- ___________________ -->


        <station id="wharf_bountyhunters_01" race="argon" owner="bountyhunters" type="factory" respawnable="true">
          <quotas>
            <quota galaxy="1" zone="1" />
          </quotas>
          <location class="sector" macro="swi_clustermillagro_sector001_macro" matchextension="false" />
          <station>
            <select faction="bountyhunters" tags="[wharf]" />
            <loadout>
              <level exact="1.0" />
            </loadout>
          </station>
        </station>

        <!-- Black sun -->

        <station id="blacksun_refit_facility" owner="blacksun" race="argon" type="factory" respawnable="true">
          <quotas>
            <quota galaxy="1" zone="1" />
          </quotas>
          <!-- <location class="sector" macro="swi_clusterhuk_sector001_macro" matchextension="false" solitary="true"/> -->
          <location class="zone" macro="swi_zone004_clusterhuk_sector001_macro" matchextension="false" />
          <station>
            <select faction="blacksun" tags="[refitfacility]" />
            <loadout>
              <level exact="1.0" />
            </loadout>
          </station>
        </station>

        <station id="blacksun_pirate_base" owner="blacksun" race="argon" type="piratebase" respawnable="true">
          <quota galaxy="10" sector="1" />
          <location class="galaxy" macro="swi_galaxy_macro" faction="[ownerless]" relation="self" comparison="exact" matchextension="false" solitary="true">
            <economy min="0.22" max="1.0" maxbound="true" />
          </location>
          <station>
            <select faction="blacksun" tags="[piratescrapyard]" />
            <loadout>
              <level exact="1" />
            </loadout>
          </station>
        </station>

        <station id="blacksun_pirate_base_celesta" owner="blacksun" race="argon" type="piratebase" respawnable="true">
          <quota galaxy="1" sector="1" />
          <location class="sector" macro="swi_clustercelesta_sector001_macro" matchextension="false" solitary="true" />
          <station>
            <select faction="blacksun" tags="[piratebase]" />
            <loadout>
              <level exact="1" />
            </loadout>
          </station>
        </station>

        <station id="blacksun_pirate_dock" owner="blacksun" race="argon" type="piratebase" respawnable="true">
          <quota galaxy="1" sector="1" />
          <location class="sector" macro="swi_clusterkuna_sector001_macro" matchextension="false" solitary="true"></location>
          <station>
            <select faction="blacksun" tags="[piratebase]" />
            <loadout>
              <level exact="1" />
            </loadout>
          </station>
        </station>

        <station id="wharf_blacksun_01" race="argon" owner="blacksun" type="factory" respawnable="true">
          <quotas>
            <quota galaxy="1" zone="1" />
          </quotas>
          <!-- <location class="sector" macro="swi_clusterhuk_sector001_macro" matchextension="false" solitary="true"/> -->
          <location class="zone" macro="swi_zone004_clusterhuk_sector001_macro" matchextension="false" />
          <station>
            <select faction="blacksun" tags="[wharf]" />
            <loadout>
              <level exact="1.0" />
            </loadout>
          </station>
        </station>

        <station id="wharf_blacksun_02" race="argon" owner="blacksun" type="factory" respawnable="true">
          <quotas>
            <quota galaxy="1" zone="1" />
          </quotas>
          <location class="sector" macro="swi_clusterfusai_sector001_macro" matchextension="false" solitary="true" />
          <station>
            <select faction="blacksun" tags="[wharf]" />
            <loadout>
              <level exact="1.0" />
            </loadout>
          </station>
        </station>


        <!-- Hutt Pirates -->

        <station id="huttpirates_pirate_random" owner="huttpirates" race="argon" type="piratebase" respawnable="true">
          <quota galaxy="5" sector="1" />
          <location class="galaxy" macro="swi_galaxy_macro" faction="[ownerless]" relation="self" comparison="exact" matchextension="false" solitary="true">
            <economy min="0.23" max="1.0" maxbound="true" />
          </location>
          <station>
            <select faction="huttpirates" tags="[piratebase]" />
            <loadout>
              <level exact="1" />
            </loadout>
          </station>
        </station>

        <station id="huttpirates_pirate_base_smugglers" owner="huttpirates" race="argon" type="piratebase" respawnable="true">
          <quota galaxy="1" sector="1" />
          <location class="zone" macro="swi_zone001_clustersmugglersrun_sector001_macro" matchextension="false" solitary="true" />
          <station>
            <select faction="huttpirates" tags="[piratescrapyard]" />
            <loadout>
              <level exact="1" />
            </loadout>
          </station>
        </station>

        <!-- Valarian -->

        <station id="wharf_valarian_02" race="argon" owner="valarian" type="factory" respawnable="true">
          <quotas>
            <quota galaxy="1" zone="1" />
          </quotas>
          <location class="sector" macro="swi_clusternazzri_sector001_macro" matchextension="false" />
          <station>
            <select faction="valarian" tags="[wharf]" />
            <loadout>
              <level exact="1.0" />
            </loadout>
          </station>
        </station>

        <!-- Piratebases -->
        <station id="valarian_pirate_base" owner="valarian" race="argon" type="piratebase" respawnable="true">
          <quota galaxy="10" sector="1" />
          <location class="galaxy" macro="swi_galaxy_macro" faction="[ownerless]" matchextension="false" solitary="true">
            <economy min="0.23" max="1.0" maxbound="true" />
          </location>
          <station>
            <select faction="valarian" tags="[piratebase]" />
            <loadout>
              <level exact="1" />
            </loadout>
          </station>
        </station>

        <station id="valarian_pirate_base_mytus" owner="valarian" race="argon" type="piratebase" respawnable="true">
          <quota galaxy="1" sector="1" />
          <location class="sector" macro="swi_clustermytus_sector001_macro" matchextension="false" />
          <station>
            <select faction="valarian" tags="[piratebase]" />
            <loadout>
              <level exact="1" />
            </loadout>
          </station>
        </station>

        <station id="valarian_pirate_base_uyter" owner="valarian" race="argon" type="piratebase" respawnable="true">
          <quota galaxy="1" sector="1" />
          <location class="sector" macro="swi_clusteruyter_sector001_macro" matchextension="false" />
          <station>
            <select faction="valarian" tags="[piratebase]" />
            <loadout>
              <level exact="1" />
            </loadout>
          </station>
        </station>

        <!-- planetary stations -->

        <station id="planetary_station" race="argon" owner="civilian" type="tradingstation">
          <quotas>
            <quota galaxy="20" sector="1" />
          </quotas>
          <location class="galaxy" macro="xu_ep2_universe_macro" faction="[naboo, kamino, anoat, commerceguild, huttcartel, corporate, mandodw, newrepublic, ascendancy, sith, galempire]" relation="self" comparison="ge" />
          <station>
            <select faction="civilian" tags="[tradestation]" />
            <loadout>
              <level exact="1.0" />
            </loadout>
          </station>
        </station>

        <station id="planetary_station_hapes" race="argon" owner="civilian" type="tradingstation">
          <quotas>
            <quota galaxy="1" zone="1" />
          </quotas>
          <location class="sector" macro="swi_clusterhapes_sector001_macro" matchextension="false" />
          <station>
            <select faction="civilian" tags="[tradestation]" />
            <loadout>
              <level exact="1.0" />
            </loadout>
          </station>
        </station>

      </stations>

      <!-- ________
________
________
________
      
STARTING ECONOMY
________
________
________
________ -->
      <products>

        <!-- HAPES ECONOMY -->

        <product id="hapes_advancedcomposites" ware="advancedcomposites" race="argon" owner="hapes" type="factory">
          <quotas>
            <quota galaxy="1" />
          </quotas>
          <location class="galaxy" macro="swi_galaxy_macro" faction="hapes" relation="self" comparison="exact" matchextension="false">
            <economy min="0.2" max="1.0" maxbound="true" />
          </location>
          <module>
            <select ware="advancedcomposites" faction="hapes" />
          </module>
        </product>

        <product id="hapes_advancedelectronics" ware="advancedelectronics" race="argon" owner="hapes" type="factory">
          <quotas>
            <quota galaxy="2" />
          </quotas>
          <location class="galaxy" macro="swi_galaxy_macro" faction="hapes" relation="self" comparison="exact" matchextension="false">
            <economy min="0.2" max="1.0" maxbound="true" />
          </location>
          <module>
            <select ware="advancedelectronics" faction="hapes" />
          </module>
        </product>

        <product id="hapes_antimattercells" ware="antimattercells" race="argon" owner="hapes" type="factory">
          <quotas>
            <quota galaxy="1" />
          </quotas>
          <location class="galaxy" macro="swi_galaxy_macro" faction="hapes" relation="self" comparison="exact" matchextension="false">
            <region ware="hydrogen" />
            <economy min="0.2" max="1.0" maxbound="true" />
          </location>
          <module>
            <select ware="antimattercells" faction="hapes" />
          </module>
        </product>

        <product id="hapes_antimatterconverters" ware="antimatterconverters" race="argon" owner="hapes" type="factory">
          <quotas>
            <quota galaxy="1" />
          </quotas>
          <location class="galaxy" macro="swi_galaxy_macro" faction="hapes" relation="self" comparison="exact" matchextension="false">
            <economy min="0.2" max="1.0" maxbound="true" />
          </location>
          <module>
            <select ware="antimatterconverters" faction="hapes" />
          </module>
        </product>

        <product id="hapes_foodrations" ware="foodrations" race="argon" owner="hapes" type="factory">
          <quotas>
            <quota galaxy="2" />
          </quotas>
          <location class="galaxy" macro="swi_galaxy_macro" faction="hapes" relation="self" comparison="exact" matchextension="false">
            <economy min="0.2" max="1.0" maxbound="true" />
          </location>
          <module>
            <select ware="foodrations" faction="hapes" />
          </module>
        </product>

        <product id="hapes_claytronics" ware="claytronics" race="argon" owner="hapes" type="factory">
          <quotas>
            <quota galaxy="1" />
          </quotas>
          <location class="galaxy" macro="swi_galaxy_macro" faction="hapes" relation="self" comparison="exact" matchextension="false">
            <economy min="0.2" max="1.0" maxbound="true" />
          </location>
          <module>
            <select ware="claytronics" faction="hapes" />
          </module>
        </product>

        <product id="hapes_dronecomponents" ware="dronecomponents" race="argon" owner="hapes" type="factory">
          <quotas>
            <quota galaxy="1" />
          </quotas>
          <location class="galaxy" macro="swi_galaxy_macro" faction="hapes" relation="self" comparison="exact" matchextension="false">
            <economy min="0.2" max="1.0" maxbound="true" />
          </location>
          <module>
            <select ware="dronecomponents" faction="hapes" />
          </module>
        </product>

        <product id="hapes_energycells" ware="energycells" race="argon" owner="hapes" type="factory">
          <quotas>
            <quota galaxy="3" />
          </quotas>
          <location class="galaxy" macro="swi_galaxy_macro" faction="hapes" relation="self" comparison="exact" matchextension="false">
            <economy min="0.2" max="1.0" maxbound="true" />
            <sunlight min="1" max="4" />
          </location>
          <module>
            <select ware="energycells" faction="hapes" />
          </module>
        </product>

        <product id="hapes_engineparts" ware="engineparts" race="argon" owner="hapes" type="factory">
          <quotas>
            <quota galaxy="2" />
          </quotas>
          <location class="galaxy" macro="swi_galaxy_macro" faction="hapes" relation="self" comparison="exact" matchextension="false">
            <economy min="0.2" max="1.0" maxbound="true" />
          </location>
          <module>
            <select ware="engineparts" faction="hapes" />
          </module>
        </product>

        <product id="hapes_fieldcoils" ware="fieldcoils" race="argon" owner="hapes" type="factory">
          <quotas>
            <quota galaxy="2" />
          </quotas>
          <location class="galaxy" macro="swi_galaxy_macro" faction="hapes" relation="self" comparison="exact" matchextension="false">
            <economy min="0.2" max="1.0" maxbound="true" />
          </location>
          <module>
            <select ware="fieldcoils" faction="hapes" />
          </module>
        </product>

        <product id="hapes_graphene" ware="graphene" race="argon" owner="hapes" type="factory">
          <quotas>
            <quota galaxy="1" />
          </quotas>
          <location class="galaxy" macro="swi_galaxy_macro" faction="hapes" relation="self" comparison="exact" matchextension="false">
            <region ware="methane" />
            <economy min="0.2" max="1.0" maxbound="true" />
          </location>
          <module>
            <select ware="graphene" faction="hapes" />
          </module>
        </product>

        <product id="hapes_hullparts" ware="hullparts" race="argon" owner="hapes" type="factory">
          <quotas>
            <quota galaxy="3" />
          </quotas>
          <location class="galaxy" macro="swi_galaxy_macro" faction="hapes" relation="self" comparison="exact" matchextension="false">
            <economy min="0.2" max="1.0" maxbound="true" />
          </location>
          <module>
            <select ware="hullparts" faction="hapes" />
          </module>
        </product>

        <product id="hapes_medicalsupplies" ware="medicalsupplies" race="argon" owner="hapes" type="factory">
          <quotas>
            <quota galaxy="1" />
          </quotas>
          <location class="galaxy" macro="swi_galaxy_macro" faction="hapes" relation="self" comparison="exact" matchextension="false">
            <economy min="0.2" max="1.0" maxbound="true" />
          </location>
          <module>
            <select ware="medicalsupplies" faction="hapes" />
          </module>
        </product>

        <product id="hapes_microchips" ware="microchips" race="argon" owner="hapes" type="factory">
          <quotas>
            <quota galaxy="2" />
          </quotas>
          <location class="galaxy" macro="swi_galaxy_macro" faction="hapes" relation="self" comparison="exact" matchextension="false">
            <economy min="0.2" max="1.0" maxbound="true" />
          </location>
          <module>
            <select ware="microchips" faction="hapes" />
          </module>
        </product>

        <product id="hapes_missilecomponents" ware="missilecomponents" race="argon" owner="hapes" type="factory">
          <quotas>
            <quota galaxy="1" />
          </quotas>
          <location class="galaxy" macro="swi_galaxy_macro" faction="hapes" relation="self" comparison="exact" matchextension="false">
            <economy min="0.2" max="1.0" maxbound="true" />
          </location>
          <module>
            <select ware="missilecomponents" faction="hapes" />
          </module>
        </product>

        <product id="hapes_plasmaconductors" ware="plasmaconductors" race="argon" owner="hapes" type="factory">
          <quotas>
            <quota galaxy="1" />
          </quotas>
          <location class="galaxy" macro="swi_galaxy_macro" faction="hapes" relation="self" comparison="exact" matchextension="false">
            <economy min="0.2" max="1.0" maxbound="true" />
          </location>
          <module>
            <select ware="plasmaconductors" faction="hapes" />
          </module>
        </product>

        <product id="hapes_quantumtubes" ware="quantumtubes" race="argon" owner="hapes" type="factory">
          <quotas>
            <quota galaxy="1" />
          </quotas>
          <location class="galaxy" macro="swi_galaxy_macro" faction="hapes" relation="self" comparison="exact" matchextension="false">
            <economy min="0.2" max="1.0" maxbound="true" />
          </location>
          <module>
            <select ware="quantumtubes" faction="hapes" />
          </module>
        </product>

        <product id="hapes_refinedmetals" ware="refinedmetals" race="argon" owner="hapes" type="factory">
          <quotas>
            <quota galaxy="2" />
          </quotas>
          <location class="galaxy" macro="swi_galaxy_macro" faction="hapes" relation="self" comparison="exact" matchextension="false">
            <region ware="ore" />
            <economy min="0.2" max="1.0" maxbound="true" />
          </location>
          <module>
            <select ware="refinedmetals" faction="hapes" />
          </module>
        </product>

        <product id="hapes_scanningarrays" ware="scanningarrays" race="argon" owner="hapes" type="factory">
          <quotas>
            <quota galaxy="1" />
          </quotas>
          <location class="galaxy" macro="swi_galaxy_macro" faction="hapes" relation="self" comparison="exact" matchextension="false">
            <economy min="0.2" max="1.0" maxbound="true" />
          </location>
          <module>
            <select ware="scanningarrays" faction="hapes" />
          </module>
        </product>

        <product id="hapes_shieldcomponents" ware="shieldcomponents" race="argon" owner="hapes" type="factory">
          <quotas>
            <quota galaxy="1" />
          </quotas>
          <location class="galaxy" macro="swi_galaxy_macro" faction="hapes" relation="self" comparison="exact" matchextension="false">
            <economy min="0.2" max="1.0" maxbound="true" />
          </location>
          <module>
            <select ware="shieldcomponents" faction="hapes" />
          </module>
        </product>

        <product id="hapes_siliconwafers" ware="siliconwafers" race="argon" owner="hapes" type="factory">
          <quotas>
            <quota galaxy="1" />
          </quotas>
          <location class="galaxy" macro="swi_galaxy_macro" faction="hapes" relation="self" comparison="exact" matchextension="false">
            <region ware="silicon" />
            <economy min="0.2" max="1.0" maxbound="true" />
          </location>
          <module>
            <select ware="siliconwafers" faction="hapes" />
          </module>
        </product>

        <product id="hapes_smartchips" ware="smartchips" race="argon" owner="hapes" type="factory">
          <quotas>
            <quota galaxy="1" />
          </quotas>
          <location class="galaxy" macro="swi_galaxy_macro" faction="hapes" relation="self" comparison="exact" matchextension="false">
            <economy min="0.2" max="1.0" maxbound="true" />
          </location>
          <module>
            <select ware="smartchips" faction="hapes" />
          </module>
        </product>

        <product id="hapes_rhydoniumcell" ware="rhydoniumcell" owner="hapes" type="factory">
          <quotas>
            <quota galaxy="1" />
          </quotas>
          <location class="galaxy" macro="swi_galaxy_macro" faction="hapes" relation="self" comparison="exact" matchextension="false">
            <economy min="0.2" max="1.0" maxbound="true" />
          </location>
          <module>
            <select ware="rhydoniumcell" faction="hapes" />
          </module>
        </product>

        <product id="hapes_shipsupplies" ware="shipsupplies" owner="hapes" type="factory">
          <quotas>
            <quota galaxy="1" />
          </quotas>
          <location class="galaxy" macro="swi_galaxy_macro" faction="hapes" relation="self" comparison="exact" matchextension="false">
            <economy min="0.2" max="1.0" maxbound="true" />
          </location>
          <module>
            <select ware="shipsupplies" faction="hapes" />
          </module>
        </product>

        <product id="hapes_spices" ware="spices" race="argon" owner="hapes" type="factory">
          <quotas>
            <quota galaxy="1" />
          </quotas>
          <location class="galaxy" macro="swi_galaxy_macro" faction="hapes" relation="self" comparison="exact" matchextension="false">
            <economy min="0.2" max="1.0" maxbound="true" />
          </location>
          <module>
            <select ware="spices" faction="hapes" />
          </module>
        </product>

        <product id="hapes_superfluidcoolant" ware="superfluidcoolant" race="argon" owner="hapes" type="factory">
          <quotas>
            <quota galaxy="1" />
          </quotas>
          <location class="galaxy" macro="swi_galaxy_macro" faction="hapes" relation="self" comparison="exact" matchextension="false">
            <region ware="helium" />
            <economy min="0.2" max="1.0" maxbound="true" />
          </location>
          <module>
            <select ware="superfluidcoolant" faction="hapes" />
          </module>
        </product>

        <product id="hapes_turretcomponents" ware="turretcomponents" race="argon" owner="hapes" type="factory">
          <quotas>
            <quota galaxy="1" />
          </quotas>
          <location class="galaxy" macro="swi_galaxy_macro" faction="hapes" relation="self" comparison="exact" matchextension="false">
            <economy min="0.2" max="1.0" maxbound="true" />
          </location>
          <module>
            <select ware="turretcomponents" faction="hapes" />
          </module>
        </product>

        <product id="hapes_water" ware="water" race="argon" owner="hapes" type="factory">
          <quotas>
            <quota galaxy="1" />
          </quotas>
          <location class="galaxy" macro="swi_galaxy_macro" faction="hapes" relation="self" comparison="exact" matchextension="false">
            <region ware="ice" max="80000" />
            <economy min="0.2" max="1.0" maxbound="true" />
          </location>
          <module>
            <select ware="water" faction="hapes" />
          </module>
        </product>

        <product id="hapes_weaponcomponents" ware="weaponcomponents" race="argon" owner="hapes" type="factory">
          <quotas>
            <quota galaxy="2" />
          </quotas>
          <location class="galaxy" macro="swi_galaxy_macro" faction="hapes" relation="self" comparison="exact" matchextension="false">
            <economy min="0.2" max="1.0" maxbound="true" />
          </location>
          <module>
            <select ware="weaponcomponents" faction="hapes" />
          </module>
        </product>

        <product id="hapes_wheat" ware="wheat" race="argon" owner="hapes" type="factory">
          <quotas>
            <quota galaxy="2" />
          </quotas>
          <location class="galaxy" macro="swi_galaxy_macro" faction="hapes" relation="self" comparison="exact" matchextension="false">
            <economy min="0.2" max="1.0" maxbound="true" />
          </location>
          <module>
            <select ware="wheat" faction="hapes" />
          </module>
        </product>

        <product id="hapes_meat" ware="meat" race="argon" owner="hapes" type="factory">
          <quotas>
            <quota galaxy="1" />
          </quotas>
          <location class="galaxy" macro="swi_galaxy_macro" faction="hapes" relation="self" comparison="exact" matchextension="false">
            <economy min="0.2" max="1.0" maxbound="true" />
          </location>
          <module>
            <select ware="meat" faction="hapes" />
          </module>
        </product>

        <!-- KAMINO -->
        <product id="kamino_foodrations" ware="foodrations" race="argon" owner="kamino" type="factory">
          <quotas>
            <quota galaxy="1" cluster="1" />
          </quotas>
          <location class="galaxy" macro="swi_galaxy_macro" faction="kamino" relation="self" comparison="exact" matchextension="false">
          </location>
          <module>
            <select ware="foodrations" faction="kamino" />
          </module>
        </product>

        <product id="kamino_energycells" ware="energycells" race="argon" owner="kamino" type="factory">
          <quotas>
            <quota galaxy="2" />
          </quotas>
          <location class="galaxy" macro="swi_galaxy_macro" faction="kamino" relation="self" comparison="exact" matchextension="false">
          </location>
          <module>
            <select ware="energycells" faction="kamino" />
          </module>
        </product>

        <product id="kamino_water" ware="water" race="argon" owner="kamino" type="factory">
          <quotas>
            <quota galaxy="1" />
          </quotas>
          <location class="galaxy" macro="swi_galaxy_macro" faction="kamino" relation="self" comparison="exact" matchextension="false">
          </location>
          <module>
            <select ware="water" faction="kamino" />
          </module>
        </product>

        <product id="kamino_wheat" ware="wheat" race="argon" owner="kamino" type="factory">
          <quotas>
            <quota galaxy="1" />
          </quotas>
          <location class="galaxy" macro="swi_galaxy_macro" faction="kamino" relation="self" comparison="exact" matchextension="false">
          </location>
          <module>
            <select ware="wheat" faction="kamino" />
          </module>
        </product>

        <product id="kamino_meat" ware="meat" race="argon" owner="kamino" type="factory">
          <quotas>
            <quota galaxy="1" />
          </quotas>
          <location class="galaxy" macro="swi_galaxy_macro" faction="kamino" relation="self" comparison="exact" matchextension="false">
          </location>
          <module>
            <select ware="meat" faction="kamino" />
          </module>
        </product>

        <product id="kamino_rhydoniumcell" ware="rhydoniumcell" owner="kamino" type="factory">
          <quotas>
            <quota galaxy="1" />
          </quotas>
          <location class="galaxy" macro="swi_galaxy_macro" faction="kamino" relation="self" comparison="exact" matchextension="false">
          </location>
          <module>
            <select ware="rhydoniumcell" faction="kamino" />
          </module>
        </product>

        <product id="kamino_shipsupplies" ware="shipsupplies" owner="kamino" type="factory">
          <quotas>
            <quota galaxy="1" sector="1" />
          </quotas>
          <location class="galaxy" macro="swi_galaxy_macro" faction="kamino" relation="self" comparison="exact" matchextension="false">
            <economy min="0.2" max="1.0" maxbound="true" />
          </location>
          <module>
            <select ware="shipsupplies" faction="kamino" />
          </module>
        </product>

        <product id="kamino_hullparts" ware="hullparts" race="argon" owner="kamino" type="factory">
          <quotas>
            <quota galaxy="1" />
          </quotas>
          <location class="galaxy" macro="swi_galaxy_macro" faction="kamino" relation="self" comparison="exact" matchextension="false">
          </location>
          <module>
            <select ware="hullparts" faction="kamino" />
          </module>
        </product>

        <!-- Blacksun -->

        <product id="blacksun_scrap" ware="scrapmetal" owner="blacksun" type="factory">
          <quotas>
            <quota galaxy="1" />
          </quotas>
          <location class="sector" macro="swi_clusterhuk_sector001_macro" matchextension="false" />
          <module>
            <select ware="scrapmetal" tags="nocondensate" faction="blacksun" />
          </module>
        </product>

        <product id="blacksun_scrap_kuna" ware="scrapmetal" owner="blacksun" type="factory">
          <quotas>
            <quota galaxy="1" />
          </quotas>
          <location class="sector" macro="swi_clusterkuna_sector001_macro" matchextension="false" />
          <module>
            <select ware="scrapmetal" tags="nocondensate" faction="blacksun" />
          </module>
        </product>

        <product id="blacksun_spacefuel_free" ware="spacefuel" race="argon" owner="blacksun" type="factory">
          <quotas>
            <quota galaxy="3" />
          </quotas>
          <location class="sector" macro="swi_clusterhuk_sector001_macro" matchextension="false" solitary="true" />
          <module>
            <select ware="spacefuel" />
          </module>
        </product>

        <!-- Valarian -->

        <product id="valarian_scrap" ware="scrapmetal" owner="valarian" type="factory">
          <quotas>
            <quota galaxy="1" />
          </quotas>
          <location class="zone" macro="swi_clusternazzri_sector001_macro" matchextension="false" />
          <module>
            <select ware="scrapmetal" tags="nocondensate" faction="valarian" />
          </module>
        </product>

        <product id="valarian_scrap2" ware="scrapmetal" owner="valarian" type="factory">
          <quotas>
            <quota galaxy="1" />
          </quotas>
          <location class="sector" macro="swi_clusternazzri_sector001_macro" matchextension="false" />
          <module>
            <select ware="scrapmetal" tags="nocondensate" faction="valarian" />
          </module>
        </product>

        <product id="valarian_spacefuel_corp" ware="spacefuel" race="argon" owner="valarian" type="factory">
          <quotas>
            <quota galaxy="3" />
          </quotas>
          <location class="galaxy" macro="swi_galaxy_macro" faction="valarian" relation="self" comparison="exact" matchextension="false">
            <economy min="0.2" max="1.0" maxbound="true" />
          </location>
          <module>
            <select ware="spacefuel" />
          </module>
        </product>

        <product id="valarian_spacefuel_free" ware="spacefuel" race="argon" owner="valarian" type="factory">
          <quotas>
            <quota galaxy="10" />
          </quotas>
          <location class="galaxy" macro="swi_galaxy_macro" faction="[ownerless]" matchextension="false" solitary="true">
            <economy min="0.23" max="1.0" maxbound="true" />
          </location>
          <module>
            <select ware="spacefuel" />
          </module>
        </product>

        <!-- huttpirates -->
        <product id="huttpirates_spaceweed" ware="spaceweed" owner="huttpirates" type="factory">
          <quotas>
            <quota galaxy="10" />
          </quotas>
          <location class="galaxy" macro="swi_galaxy_macro" faction="[ownerless]" matchextension="false" solitary="true">
            <economy min="0.23" max="1.0" maxbound="true" />
          </location>
          <module>
            <select ware="spaceweed" />
          </module>
        </product>

        <product id="huttpirates_swampplant" ware="swampplant" owner="huttpirates" type="factory">
          <quotas>
            <quota galaxy="10" />
          </quotas>
          <location class="galaxy" macro="swi_galaxy_macro" faction="[ownerless]" matchextension="false" solitary="true">
            <economy min="0.23" max="1.0" maxbound="true" />
          </location>
          <module>
            <select ware="swampplant" />
          </module>
        </product>

      </products>


      <gamestart ref="x4ep1_gamestart_workshop">
        <objects></objects>
        <stations>
          <station id="x4ep1_gamestart_trade_playerfactory" race="teladi" owner="player" type="factory">
            <quotas>
              <quota galaxy="1" zone="1" gamestart="x4ep1_gamestart_workshop" />
            </quotas>
            <location class="sector" macro="demo_cluster_40_sector001_macro" />
            <position x="-6408.003" z="160735.422" pitch="0" roll="0" />
            <station>
              <select faction="faction.player" tags="[factory]" />
            </station>
          </station>
        </stations>
        <products></products>
      </gamestart>

    </god>
  </replace>
</diff>