<?xml version='1.0' encoding='utf-8'?>
<diff>
  <remove sel="/defaults/dataset[@macro='swi_clusteradarlon_macro']/properties/area/@factionlogic" />
  <remove sel="/defaults/dataset[@macro='swi_clusteranteevy_macro']/properties/area/@factionlogic" />
  <remove sel="/defaults/dataset[@macro='swi_clusteratrisia_macro']/properties/area/@factionlogic" />
  <remove sel="/defaults/dataset[@macro='swi_clusterbaros_macro']/properties/area/@factionlogic" />
  <remove sel="/defaults/dataset[@macro='swi_clustercelesta_macro']/properties/area/@factionlogic" />
  <remove sel="/defaults/dataset[@macro='swi_clusterdagobah_macro']/properties/area/@factionlogic" />
  <remove sel="/defaults/dataset[@macro='swi_clusterdelrakinn_macro']/properties/area/@factionlogic" />
  <remove sel="/defaults/dataset[@macro='swi_clusterfirrerre_macro']/properties/area/@factionlogic" />
  <remove sel="/defaults/dataset[@macro='swi_clustergaulus_macro']/properties/area/@factionlogic" />
  <remove sel="/defaults/dataset[@macro='swi_clusterimynusoph_macro']/properties/area/@factionlogic" />
  <remove sel="/defaults/dataset[@macro='swi_clusterkalee_macro']/properties/area/@factionlogic" />
  <remove sel="/defaults/dataset[@macro='swi_clusterkuna_macro']/properties/area/@factionlogic" />
  <remove sel="/defaults/dataset[@macro='swi_clustermanaan_macro']/properties/area/@factionlogic" />
  <remove sel="/defaults/dataset[@macro='swi_clustermaw_macro']/properties/area/@factionlogic" />
  <remove sel="/defaults/dataset[@macro='swi_clustermillagro_macro']/properties/area/@factionlogic" />
  <remove sel="/defaults/dataset[@macro='swi_clustermorellia_macro']/properties/area/@factionlogic" />
  <remove sel="/defaults/dataset[@macro='swi_clustermytus_macro']/properties/area/@factionlogic" />
  <remove sel="/defaults/dataset[@macro='swi_clusterordoplutonia_macro']/properties/area/@factionlogic" />
  <remove sel="/defaults/dataset[@macro='swi_clusterpolismassa_macro']/properties/area/@factionlogic" />
  <remove sel="/defaults/dataset[@macro='swi_clusterrentasia_macro']/properties/area/@factionlogic" />
  <remove sel="/defaults/dataset[@macro='swi_clustersaleucami_macro']/properties/area/@factionlogic" />
  <remove sel="/defaults/dataset[@macro='swi_clustersmugglersrun_macro']/properties/area/@factionlogic" />
  <remove sel="/defaults/dataset[@macro='swi_clustersump_macro']/properties/area/@factionlogic" />
  <remove sel="/defaults/dataset[@macro='swi_clustertargonn_macro']/properties/area/@factionlogic" />
  <remove sel="/defaults/dataset[@macro='swi_clustertriton_macro']/properties/area/@factionlogic" />
  <remove sel="/defaults/dataset[@macro='swi_clusteruyter_macro']/properties/area/@factionlogic" />
  <remove sel="/defaults/dataset[@macro='swi_clusterwrea_macro']/properties/area/@factionlogic" />
</diff>